                  epoch,         train/box_loss,         train/cls_loss,         train/dfl_loss,   metrics/precision(B),      metrics/recall(B),       metrics/mAP50(B),    metrics/mAP50-95(B),           val/box_loss,           val/cls_loss,           val/dfl_loss,                 lr/pg0,                 lr/pg1,                 lr/pg2
                      0,                 2.3848,                 2.5032,                 2.2758,                0.90688,                0.79383,                0.85679,                0.53114,                  1.306,                 0.9677,                 1.4552,             0.00066623,             0.00066623,             0.00066623
                      1,                 1.3115,                 0.8584,                 1.3129,                0.96038,                0.86783,                0.91488,                0.57185,                 1.2308,                 0.7234,                 1.2912,               0.001069,               0.001069,               0.001069
                      2,                 1.1276,                0.69181,                 1.1744,                0.96933,                0.89259,                0.94103,                 0.6752,                 1.0098,                0.56694,                 1.1379,              0.0012077,              0.0012077,              0.0012077
                      3,                 1.0326,                0.60696,                 1.1094,                0.97424,                0.91728,                 0.9443,                0.68739,                0.96823,                0.49364,                 1.0973,               0.000812,               0.000812,               0.000812
                      4,                0.98748,                0.56744,                 1.0789,                0.97383,                0.91895,                0.95113,                0.70907,                0.91001,                0.47801,                 1.0646,               0.000812,               0.000812,               0.000812
